username,noEdits,noItems,noBatchEdits,noOntoEdits,noPropEdits,noCommEdits,noTaxoEdits,minTime,timeframe,userAge
Sk!dbot,727884,642018,0.0,0.0,0.0,135.0,0,0,2013-01-01,0.0
BeneBot*,601015,600753,0.0,0.0,0.0,2260.0,0,0,2013-01-01,0.0
MerlIwBot,581742,580011,0.0,0.0,0.0,0.0,0,0,2013-01-01,0.0
Thieol,33925,33479,0.0,0.0,0.0,62.0,0,2012-11-26 23:49:18,2013-01-01,840.0
ValterVB,26353,17375,12220.0,0.0,0.0,169.0,0,2012-11-02 13:56:00,2013-01-01,1426.0
Art-top,22343,14459,764.0,0.0,0.0,228.0,0,2012-11-02 05:11:17,2013-01-01,1434.0
B25es,6866,4822,0.0,0.0,0.0,107.0,0,2012-10-30 19:40:13,2013-01-01,1492.0
Karol007,6427,2622,2605.0,0.0,0.0,16.0,0,2012-11-17 11:37:20,2013-01-01,1068.0
Rschen7754,4452,2015,1.0,0.0,0.0,141.0,0,2012-11-10 08:02:42,2013-01-01,1239.0
Tbennert,4354,3761,0.0,0.0,0.0,12.0,0,2012-11-29 02:49:01,2013-01-01,789.0
Stevenliuyi,3971,863,1134.0,0.0,0.0,128.0,0,2012-11-07 12:45:45,2013-01-01,1307.0
Ermanon,3627,2154,10.0,0.0,0.0,5.0,0,2012-10-31 01:30:33,2013-01-01,1486.0
Paperoastro,3396,1197,583.0,0.0,0.0,54.0,0,2012-10-30 14:27:26,2013-01-01,1497.0
Wagino 20100516,3347,1084,213.0,0.0,0.0,66.0,0,2012-10-31 12:48:12,2013-01-01,1475.0
Beta16,3089,2000,326.0,0.0,0.0,86.0,0,2012-10-31 23:33:11,2013-01-01,1464.0
Lam-ang,3056,899,872.0,0.0,0.0,7.0,0,2012-11-04 19:43:41,2013-01-01,1372.0
Rsrikanth05,2699,543,257.0,0.0,0.0,146.0,0,2012-11-29 11:15:56,2013-01-01,780.0
LadyInGrey,2492,1592,72.0,0.0,0.0,69.0,0,2012-11-13 14:54:11,2013-01-01,1161.0
Sixsi6ma,2402,1763,11.0,0.0,0.0,57.0,0,2012-11-30 16:05:10,2013-01-01,751.0
Stryn,2397,1721,102.0,0.0,0.0,195.0,0,2012-10-29 19:02:24,2013-01-01,1516.0
Kolja21,2248,1143,79.0,0.0,0.0,220.0,0,2012-11-11 15:28:48,2013-01-01,1208.0
Restu20,1798,1041,288.0,0.0,0.0,133.0,0,2012-10-30 11:31:09,2013-01-01,1500.0
Sotiale,1779,1354,1.0,0.0,0.0,34.0,0,2012-11-06 09:00:39,2013-01-01,1334.0
Njh,1733,721,8.0,0.0,0.0,0.0,0,2012-11-12 18:53:50,2013-01-01,1181.0
Inkowik,1705,1435,58.0,0.0,0.0,78.0,0,2012-11-01 16:42:12,2013-01-01,1447.0
Carol.Christiansen,1694,856,0.0,0.0,0.0,1.0,0,2012-12-28 14:09:43,2013-01-01,81.0
Wiki13,1641,1053,1018.0,0.0,0.0,257.0,0,2012-10-30 15:26:23,2013-01-01,1496.0
Florn88,1479,1271,2.0,0.0,0.0,2.0,0,2012-10-30 13:55:40,2013-01-01,1498.0
Eumolpo,1454,526,0.0,0.0,0.0,40.0,0,2012-10-31 04:44:01,2013-01-01,1483.0
Techman224,1233,658,174.0,0.0,0.0,9.0,0,2012-12-21 03:25:44,2013-01-01,260.0
TCN7JM,1216,409,0.0,0.0,0.0,10.0,0,2012-12-10 12:05:17,2013-01-01,515.0
Haplology,1177,754,0.0,0.0,0.0,0.0,0,2012-11-12 11:51:40,2013-01-01,1188.0
ValterVBot,1172,1066,0.0,0.0,0.0,0.0,0,0,2013-01-01,0.0
Arpyia,1130,534,315.0,0.0,0.0,8.0,0,2012-12-07 14:23:02,2013-01-01,585.0
Grondin,1067,297,331.0,0.0,0.0,56.0,0,2012-11-01 15:53:40,2013-01-01,1448.0
CennoxX,1054,883,11.0,0.0,0.0,136.0,0,2012-10-30 18:35:48,2013-01-01,1493.0
Dough4872,986,908,0.0,0.0,0.0,6.0,0,2012-12-12 03:24:30,2013-01-01,476.0
분당선M,936,420,1.0,0.0,0.0,42.0,0,2012-11-07 21:54:34,2013-01-01,1298.0
Bello,873,599,0.0,0.0,0.0,1.0,0,2012-12-09 10:05:24,2013-01-01,541.0
Ajraddatz,850,477,23.0,0.0,0.0,79.0,0,2012-11-01 16:23:50,2013-01-01,1447.0
Peter in s,844,489,0.0,0.0,0.0,13.0,0,2012-11-14 22:24:52,2013-01-01,1129.0
Wylve,786,410,260.0,0.0,0.0,12.0,0,2012-11-06 17:08:15,2013-01-01,1326.0
Happy5214,756,479,8.0,0.0,0.0,563.0,0,2012-10-30 10:15:09,2013-01-01,1501.0
Yair rand,749,588,1.0,0.0,0.0,49.0,0,2010-01-01 18:59:07,2013-01-01,26285.0
Jeremytarling,722,271,0.0,0.0,0.0,0.0,0,2012-12-01 18:02:48,2013-01-01,725.0
Rzuwig,699,273,79.0,0.0,0.0,34.0,0,2012-11-14 23:17:21,2013-01-01,1128.0
Reptilien.19831209BE1,691,323,112.0,0.0,0.0,4.0,0,2012-12-09 16:06:06,2013-01-01,535.0
Syp,681,224,224.0,0.0,0.0,4.0,0,2011-05-19 18:00:08,2013-01-01,14213.0
Detcin,643,278,0.0,0.0,0.0,16.0,0,2012-12-11 13:37:26,2013-01-01,490.0
Rondador,633,201,49.0,0.0,0.0,3.0,0,2012-10-30 20:45:57,2013-01-01,1491.0
Sven Manguard,618,415,0.0,0.0,0.0,64.0,0,2012-11-01 01:44:25,2013-01-01,1462.0
Jane023,611,271,0.0,0.0,0.0,1.0,0,2012-12-06 16:22:41,2013-01-01,607.0
Moe Epsilon,601,200,0.0,0.0,0.0,34.0,0,2012-11-11 15:27:41,2013-01-01,1208.0
Choboty,600,600,0.0,0.0,0.0,0.0,0,0,2013-01-01,0.0
Sk!d,584,388,99.0,0.0,0.0,207.0,0,2012-11-02 10:14:30,2013-01-01,1429.0
Alexander Sommer,562,443,0.0,0.0,0.0,3.0,0,2012-10-31 00:39:09,2013-01-01,1487.0
Sannita,557,275,20.0,0.0,0.0,31.0,0,2012-10-30 13:16:14,2013-01-01,1498.0
Gareth,544,481,0.0,0.0,0.0,0.0,0,2012-11-01 04:00:23,2013-01-01,1459.0
Make,531,212,53.0,0.0,0.0,34.0,0,2012-12-18 12:19:45,2013-01-01,323.0
Soulkeeper,530,278,1.0,0.0,0.0,8.0,0,2012-10-30 15:36:11,2013-01-01,1496.0
DrCruse,495,237,0.0,0.0,0.0,0.0,0,2012-12-07 22:17:54,2013-01-01,577.0
Raylton P. Sousa,494,246,0.0,0.0,0.0,0.0,0,2012-10-31 03:05:15,2013-01-01,1484.0
Frankou,486,155,63.0,0.0,0.0,43.0,0,2012-12-01 07:00:11,2013-01-01,736.0
Antissimo,482,169,3.0,0.0,0.0,56.0,0,2012-12-18 09:14:21,2013-01-01,326.0
~riley,480,406,265.0,0.0,0.0,25.0,0,2012-11-12 02:27:56,2013-01-01,1197.0
Tazerdadog,468,400,0.0,0.0,0.0,33.0,0,2012-12-08 01:49:43,2013-01-01,574.0
**Romina**,457,328,13.0,0.0,0.0,10.0,0,2012-11-12 22:10:34,2013-01-01,1177.0
Syrio,429,131,0.0,0.0,0.0,4.0,0,2012-10-30 13:02:22,2013-01-01,1498.0
ArnoLagrange,415,149,25.0,0.0,0.0,17.0,0,2012-11-03 08:37:31,2013-01-01,1407.0
Feuerst,395,332,0.0,0.0,0.0,2.0,0,2012-12-30 22:50:49,2013-01-01,25.0
Eric-92,378,239,29.0,0.0,0.0,25.0,0,2012-10-30 14:44:57,2013-01-01,1497.0
Hsarrazin,355,176,8.0,0.0,0.0,7.0,0,2012-10-31 18:14:11,2013-01-01,1469.0
Daniel Mietchen,355,174,1.0,0.0,0.0,8.0,0,2012-12-01 01:40:22,2013-01-01,742.0
Милан Јелисавчић,350,147,0.0,0.0,0.0,0.0,0,2012-11-20 00:12:58,2013-01-01,1007.0
Iste Praetor,329,163,151.0,0.0,0.0,12.0,0,2012-12-28 16:37:04,2013-01-01,79.0
NaBUru38,327,226,0.0,0.0,0.0,0.0,0,2012-11-28 18:24:02,2013-01-01,797.0
Nizil Shah,313,118,21.0,0.0,0.0,6.0,0,2012-11-02 20:47:00,2013-01-01,1419.0
This is also Sven Manguard,310,179,0.0,0.0,0.0,21.0,0,2012-11-01 19:11:04,2013-01-01,1444.0
Rayx,302,197,24.0,0.0,0.0,7.0,0,2012-12-04 12:42:52,2013-01-01,659.0
Hazard-SJ,299,250,0.0,0.0,0.0,79.0,0,2012-10-31 01:38:51,2013-01-01,1486.0
Denny,298,185,0.0,0.0,0.0,19.0,0,2012-10-29 17:03:21,2013-01-01,1518.0
Goldzahn,296,227,0.0,0.0,0.0,37.0,0,2012-10-30 17:07:26,2013-01-01,1494.0
Ra-bot-nik,295,249,0.0,0.0,0.0,0.0,0,0,2013-01-01,0.0
Viswaprabha,294,94,3.0,0.0,0.0,5.0,0,2012-12-06 00:42:40,2013-01-01,623.0
Vogone,282,104,78.0,0.0,0.0,146.0,0,2012-10-30 17:48:57,2013-01-01,1494.0
Benoit Rochon,268,141,1.0,0.0,0.0,6.0,0,2009-12-30 12:53:57,2013-01-01,26339.0
NordNordWest,264,204,0.0,0.0,0.0,10.0,0,2012-10-30 22:20:40,2013-01-01,1489.0
LeastCommonAncestor,263,82,0.0,0.0,0.0,2.0,0,2012-12-07 03:03:41,2013-01-01,596.0
Wikiwal,258,254,0.0,0.0,0.0,0.0,0,2012-12-04 13:22:55,2013-01-01,658.0
Jacopo Werther,255,61,0.0,0.0,0.0,0.0,0,2012-12-10 15:34:01,2013-01-01,512.0
Brandon.macuser,253,106,0.0,0.0,0.0,3.0,0,2012-11-29 05:00:44,2013-01-01,786.0
Chris857,247,150,0.0,0.0,0.0,10.0,0,2012-10-31 02:42:13,2013-01-01,1485.0
Buggia,239,113,0.0,0.0,0.0,4.0,0,2012-10-31 15:52:40,2013-01-01,1472.0
Romaine,235,232,0.0,0.0,0.0,3.0,0,2011-10-27 17:56:44,2013-01-01,10350.0
Delusion23,233,140,2.0,0.0,0.0,39.0,0,2012-11-09 18:47:22,2013-01-01,1253.0
130.88.141.34,232,184,0.0,0.0,0.0,5.0,0,0,2013-01-01,0.0
Bene*,224,115,19.0,0.0,0.0,262.0,0,2012-10-30 16:31:06,2013-01-01,1495.0
USt,220,75,0.0,0.0,0.0,0.0,0,2012-11-25 19:55:44,2013-01-01,868.0
AlessioMela,213,108,0.0,0.0,0.0,8.0,0,2012-11-06 21:14:13,2013-01-01,1322.0
Conny,200,122,0.0,0.0,0.0,60.0,0,2012-11-01 22:16:33,2013-01-01,1441.0
NBS,199,131,6.0,0.0,0.0,1.0,0,2012-10-31 19:43:12,2013-01-01,1468.0
Avenue,197,89,0.0,0.0,0.0,10.0,0,2012-10-30 14:02:41,2013-01-01,1497.0
JoonaZZ,195,144,0.0,0.0,0.0,0.0,0,2012-12-25 18:45:55,2013-01-01,149.0
Media watch,189,39,0.0,0.0,0.0,3.0,0,2012-11-13 04:26:33,2013-01-01,1171.0
Crazy1880,176,124,0.0,0.0,0.0,0.0,0,2012-12-08 11:39:41,2013-01-01,564.0
Ltrlg,175,90,1.0,0.0,0.0,85.0,0,2012-10-30 11:09:58,2013-01-01,1500.0
WaitingForConnection,174,116,5.0,0.0,0.0,73.0,0,2012-10-31 17:09:29,2013-01-01,1470.0
DutchTreat,170,66,0.0,0.0,0.0,0.0,0,2012-12-06 02:17:03,2013-01-01,621.0
Bjankuloski06,162,81,1.0,0.0,0.0,95.0,0,2012-11-18 02:41:36,2013-01-01,1053.0
Dr.Garfbob10(2),159,37,1.0,0.0,0.0,3.0,0,2012-12-12 19:32:07,2013-01-01,460.0
Sumone10154,156,94,23.0,0.0,0.0,15.0,0,2012-11-02 18:09:44,2013-01-01,1421.0
Viscontino,154,105,0.0,0.0,0.0,1.0,0,2012-12-08 17:34:19,2013-01-01,558.0
Kristian Vangen,151,83,3.0,0.0,0.0,18.0,0,2012-12-15 14:53:02,2013-01-01,393.0
Zolo,150,38,2.0,0.0,0.0,22.0,0,2011-11-26 16:07:06,2013-01-01,9631.0
Airon90,149,77,0.0,0.0,0.0,2.0,0,2012-10-30 16:39:13,2013-01-01,1495.0
Yerpo,147,57,3.0,0.0,0.0,2.0,0,2012-10-30 14:15:29,2013-01-01,1497.0
Stq-recent changes,146,74,0.0,0.0,0.0,1.0,0,2012-11-14 21:35:27,2013-01-01,1130.0
Emw,146,104,0.0,0.0,0.0,0.0,0,2012-11-30 04:10:19,2013-01-01,763.0
Erfil,144,72,38.0,0.0,0.0,1.0,0,2012-11-17 15:27:43,2013-01-01,1064.0
Amire80,133,67,0.0,0.0,0.0,208.0,0,2012-08-11 17:55:18,2013-01-01,3414.0
Otourly,132,47,0.0,0.0,0.0,13.0,0,2012-10-30 14:41:39,2013-01-01,1497.0
Theopolisme,131,109,6.0,0.0,0.0,87.0,0,2012-11-12 03:56:57,2013-01-01,1196.0
Raymond,128,75,0.0,0.0,0.0,0.0,0,2012-10-30 09:42:14,2013-01-01,1502.0
Steak,128,122,0.0,0.0,0.0,2.0,0,2012-10-30 18:35:36,2013-01-01,1493.0
Ayack,126,62,1.0,0.0,0.0,11.0,0,2012-10-30 11:24:52,2013-01-01,1500.0
Reaper35,125,43,20.0,0.0,0.0,8.0,0,2012-11-26 20:23:48,2013-01-01,843.0
Xosema,124,40,0.0,0.0,0.0,0.0,0,2012-11-06 15:23:27,2013-01-01,1328.0
Superzerocool,121,66,0.0,0.0,0.0,4.0,0,2012-10-30 12:28:43,2013-01-01,1499.0
Iwan Novirion,118,31,0.0,0.0,0.0,10.0,0,2012-11-25 10:18:27,2013-01-01,877.0
C933103,116,33,7.0,0.0,0.0,5.0,0,2012-12-02 06:29:40,2013-01-01,713.0
Ymblanter,116,25,0.0,0.0,0.0,48.0,0,2012-10-30 11:37:25,2013-01-01,1500.0
PinkAmpersand,114,55,0.0,0.0,0.0,0.0,0,2012-12-30 04:39:39,2013-01-01,43.0
ABrocke,111,76,0.0,0.0,0.0,1.0,0,2012-12-21 13:51:29,2013-01-01,250.0
Lystopad,110,55,0.0,0.0,0.0,16.0,0,2012-12-02 18:08:31,2013-01-01,701.0
MSchnitzler2000,107,36,0.0,0.0,0.0,1.0,0,2012-10-31 12:30:53,2013-01-01,1475.0
Jitrixis,106,29,34.0,0.0,0.0,45.0,0,2012-10-30 19:29:28,2013-01-01,1492.0
WikiPuppies,105,34,2.0,0.0,0.0,0.0,0,2012-12-02 16:58:28,2013-01-01,703.0
Raoli,105,39,0.0,0.0,0.0,111.0,0,2012-10-30 21:12:02,2013-01-01,1490.0
Ĵurnalisto,103,30,0.0,0.0,0.0,0.0,0,2012-12-25 03:30:39,2013-01-01,164.0
Kondicherry,102,34,2.0,0.0,0.0,9.0,0,2012-10-30 22:11:32,2013-01-01,1489.0
Moroboshi,100,44,0.0,0.0,0.0,1.0,0,2012-10-31 06:44:15,2013-01-01,1481.0
NMaia,97,38,21.0,0.0,0.0,2.0,0,2012-12-25 23:13:53,2013-01-01,144.0
Lukas²³,96,54,11.0,0.0,0.0,116.0,0,2012-11-10 21:05:08,2013-01-01,1226.0
Harsh4101991,96,30,7.0,0.0,0.0,6.0,0,2012-12-09 06:39:33,2013-01-01,545.0
Appo92,96,60,0.0,0.0,0.0,0.0,0,2012-11-01 12:52:57,2013-01-01,1451.0
Skull33,92,50,0.0,0.0,0.0,0.0,0,2012-10-30 14:38:55,2013-01-01,1497.0
LeafGreen,91,25,0.0,0.0,0.0,1.0,0,2012-12-21 01:50:29,2013-01-01,262.0
Romero,90,58,1.0,0.0,0.0,2.0,0,2012-10-30 22:20:46,2013-01-01,1489.0
Merlissimo,88,42,3.0,0.0,0.0,76.0,0,2012-10-30 15:54:44,2013-01-01,1496.0
46.1.42.6,86,1,0.0,0.0,0.0,0.0,0,0,2013-01-01,0.0
Sebleouf,82,52,19.0,0.0,0.0,1.0,0,2012-10-30 17:34:02,2013-01-01,1494.0
EUvin,80,28,0.0,0.0,0.0,2.0,0,2012-11-29 21:57:07,2013-01-01,770.0
Mugnozzo,80,24,0.0,0.0,0.0,1.0,0,2012-12-02 16:53:45,2013-01-01,703.0
Cqdx,80,76,0.0,0.0,0.0,0.0,0,2012-12-08 15:11:10,2013-01-01,560.0
Justincheng12345,80,30,1.0,0.0,0.0,75.0,0,2012-11-04 06:48:14,2013-01-01,1385.0
LukasWenger,78,36,0.0,0.0,0.0,1.0,0,2012-12-18 11:32:46,2013-01-01,324.0
Igna,78,41,0.0,0.0,0.0,25.0,0,2012-10-31 01:35:44,2013-01-01,1486.0
TarzanASG,77,23,2.0,0.0,0.0,6.0,0,2012-12-06 11:04:42,2013-01-01,612.0
Rschen7754 public,77,39,0.0,0.0,0.0,1.0,0,2012-12-13 19:32:10,2013-01-01,436.0
FuzzyBot,76,44,0.0,0.0,0.0,330.0,0,0,2013-01-01,0.0
朝彦,71,31,0.0,0.0,0.0,105.0,0,2012-12-07 02:21:34,2013-01-01,597.0
Shirayuki,71,46,0.0,0.0,0.0,31.0,0,2012-11-22 11:43:21,2013-01-01,948.0
Tommyang,68,24,20.0,0.0,0.0,0.0,0,2012-11-10 14:39:52,2013-01-01,1233.0
Tiptoety,66,57,0.0,0.0,0.0,10.0,0,2010-01-26 18:26:29,2013-01-01,25685.0
SimmeD,66,20,0.0,0.0,0.0,91.0,0,2012-11-30 18:11:56,2013-01-01,749.0
Entbert,66,43,0.0,0.0,0.0,0.0,0,2012-11-02 23:32:00,2013-01-01,1416.0
Plani,65,15,0.0,0.0,0.0,1.0,0,2012-12-03 10:30:24,2013-01-01,685.0
Wgreenow,65,47,4.0,0.0,0.0,7.0,0,2012-11-11 09:08:49,2013-01-01,1214.0
Hazard-Bot,65,23,0.0,0.0,0.0,113.0,0,0,2013-01-01,0.0
Cattus,62,40,0.0,0.0,0.0,0.0,0,2012-11-28 14:35:03,2013-01-01,801.0
Yiyi,62,30,0.0,0.0,0.0,8.0,0,2012-10-30 12:33:02,2013-01-01,1499.0
Ericmetro,62,23,0.0,0.0,0.0,7.0,0,2012-10-30 15:02:20,2013-01-01,1496.0
Shanmugamp7,62,19,7.0,0.0,0.0,12.0,0,2012-10-30 02:30:27,2013-01-01,1509.0
Steinsplitter,59,52,3.0,0.0,0.0,2.0,0,2012-11-02 22:00:15,2013-01-01,1417.0
81.159.142.19,58,54,0.0,0.0,0.0,0.0,0,0,2013-01-01,0.0
26 Ramadan,57,23,0.0,0.0,0.0,3.0,0,2012-11-26 00:51:15,2013-01-01,863.0
Hurricanefan24,56,28,8.0,0.0,0.0,2.0,0,2012-11-11 13:39:51,2013-01-01,1210.0
Microchip08,54,47,0.0,0.0,0.0,1.0,0,2012-12-23 20:47:56,2013-01-01,195.0
MerlBot,51,1,0.0,0.0,0.0,267.0,0,0,2013-01-01,0.0
87.13.4.167,51,13,0.0,0.0,0.0,0.0,0,0,2013-01-01,0.0
Imzadi1979,50,16,0.0,0.0,0.0,1.0,0,2012-12-05 23:55:43,2013-01-01,624.0
Aude,50,21,0.0,0.0,0.0,1.0,0,2012-10-29 17:05:52,2013-01-01,1518.0
Leyo,48,47,16.0,0.0,0.0,24.0,0,2012-11-16 15:02:53,2013-01-01,1088.0
Clarkcj12,47,24,4.0,0.0,0.0,0.0,0,2012-11-20 16:41:29,2013-01-01,991.0
147.91.1.45,47,16,0.0,0.0,0.0,0.0,0,0,2013-01-01,0.0
79.173.80.63,46,46,0.0,0.0,0.0,0.0,0,0,2013-01-01,0.0
"This, that and the other",45,33,0.0,0.0,0.0,8.0,0,2012-08-03 07:33:18,2013-01-01,3616.0
86.181.51.47,45,39,0.0,0.0,0.0,0.0,0,0,2013-01-01,0.0
Arctic.gnome,45,23,0.0,0.0,0.0,0.0,0,2012-11-12 00:18:40,2013-01-01,1199.0
Daniel749,44,20,0.0,0.0,0.0,1.0,0,2012-12-03 15:27:09,2013-01-01,680.0
86.177.30.102,44,42,0.0,0.0,0.0,0.0,0,0,2013-01-01,0.0
Jwdietrich2,43,6,0.0,0.0,0.0,0.0,0,2012-11-01 15:43:51,2013-01-01,1448.0
Prad2609,43,11,0.0,0.0,0.0,9.0,0,2012-12-01 15:31:58,2013-01-01,728.0
Koavf,43,13,4.0,0.0,0.0,2.0,0,2008-04-15 03:06:44,2013-01-01,41324.0
Frigotoni,42,22,6.0,0.0,0.0,3.0,0,2012-11-08 18:11:49,2013-01-01,1277.0
91.198.174.202,42,42,0.0,0.0,0.0,0.0,0,0,2013-01-01,0.0
87.5.77.9,42,14,0.0,0.0,0.0,0.0,0,0,2013-01-01,0.0
OhanaUnited,42,9,0.0,0.0,0.0,1.0,0,2012-12-04 01:11:47,2013-01-01,670.0
Lazowik,42,15,0.0,0.0,0.0,7.0,0,2012-11-02 11:47:36,2013-01-01,1428.0
86.183.130.179,41,39,0.0,0.0,0.0,0.0,0,0,2013-01-01,0.0
DeltaQuad,41,13,1.0,0.0,0.0,2.0,0,2012-12-09 21:41:44,2013-01-01,530.0
Kajsfags,40,2,0.0,0.0,0.0,0.0,0,2012-12-16 17:45:23,2013-01-01,366.0
Milad A380,40,15,0.0,0.0,0.0,0.0,0,2012-11-16 14:45:30,2013-01-01,1089.0
Cill Droichid,40,14,0.0,0.0,0.0,0.0,0,2012-12-05 23:12:24,2013-01-01,624.0
Sylvhem,40,12,0.0,0.0,0.0,2.0,0,2012-12-23 22:25:31,2013-01-01,193.0
Qafgbxvghnx,40,35,0.0,0.0,0.0,0.0,0,2012-12-19 13:09:55,2013-01-01,298.0
86.186.34.45,39,34,0.0,0.0,0.0,0.0,0,0,2013-01-01,0.0
ChongDae,39,23,9.0,0.0,0.0,20.0,0,2012-11-13 01:56:12,2013-01-01,1174.0
Vituzzu,39,21,0.0,0.0,0.0,3.0,0,2012-10-30 12:19:25,2013-01-01,1499.0
86.177.24.196,39,33,0.0,0.0,0.0,0.0,0,0,2013-01-01,0.0
Lomita,39,35,1.0,0.0,0.0,0.0,0,2012-11-02 20:21:45,2013-01-01,1419.0
Никита,36,10,0.0,0.0,0.0,0.0,0,2012-12-26 19:44:08,2013-01-01,124.0
Snaevar,35,30,0.0,0.0,0.0,63.0,0,2012-11-02 14:42:30,2013-01-01,1425.0
Xtextexte,34,3,0.0,0.0,0.0,0.0,0,2012-11-01 05:50:03,2013-01-01,1458.0
86.177.30.110,34,30,0.0,0.0,0.0,0.0,0,0,2013-01-01,0.0
Michael Barera,33,18,0.0,0.0,0.0,1.0,0,2012-12-08 04:42:35,2013-01-01,571.0
Spischot,33,9,0.0,0.0,0.0,18.0,0,2012-11-08 21:23:19,2013-01-01,1274.0
ThieolBot,32,31,0.0,0.0,0.0,0.0,0,0,2013-01-01,0.0
190.242.99.178,31,3,0.0,0.0,0.0,0.0,0,0,2013-01-01,0.0
Friechtle,31,10,0.0,0.0,0.0,0.0,0,2012-12-12 15:53:45,2013-01-01,464.0
Bibliothèque Dec. 18,30,9,0.0,0.0,0.0,0.0,0,2012-12-18 21:10:06,2013-01-01,314.0
Luigi Chiesa,30,15,0.0,0.0,0.0,0.0,0,2012-12-24 21:11:34,2013-01-01,170.0
65.182.245.138,29,7,0.0,0.0,0.0,0.0,0,0,2013-01-01,0.0
WaldiWuff,29,28,0.0,0.0,0.0,0.0,0,2012-12-13 16:27:12,2013-01-01,439.0
Benoît Prieur,29,12,0.0,0.0,0.0,0.0,0,2012-12-03 14:01:36,2013-01-01,681.0
Se4598,29,19,0.0,0.0,0.0,2.0,0,2012-10-30 12:21:15,2013-01-01,1499.0
DrTrigon,29,6,0.0,0.0,0.0,14.0,0,2012-12-16 10:09:26,2013-01-01,373.0
Emergency doc,29,3,0.0,0.0,0.0,3.0,0,2012-12-04 12:45:34,2013-01-01,659.0
Edinwiki,28,11,0.0,0.0,0.0,8.0,0,2012-12-14 00:59:10,2013-01-01,431.0
91.198.174.216,27,27,0.0,0.0,0.0,0.0,0,0,2013-01-01,0.0
Jasper Deng,27,14,0.0,0.0,0.0,30.0,0,2012-11-03 19:27:26,2013-01-01,1396.0
195.145.198.234,26,26,0.0,0.0,0.0,0.0,0,0,2013-01-01,0.0
87.54.11.5,26,21,0.0,0.0,0.0,26.0,0,0,2013-01-01,0.0
86.186.32.191,26,24,0.0,0.0,0.0,0.0,0,0,2013-01-01,0.0
109.149.16.217,25,23,0.0,0.0,0.0,0.0,0,0,2013-01-01,0.0
79.201.122.64,25,21,0.0,0.0,0.0,0.0,0,0,2013-01-01,0.0
86.143.85.118,25,24,0.0,0.0,0.0,0.0,0,0,2013-01-01,0.0
Tobijat,25,7,0.0,0.0,0.0,0.0,0,2012-11-02 09:04:23,2013-01-01,1430.0
Bigbossfarin,24,7,0.0,0.0,0.0,1.0,0,2012-12-14 23:31:30,2013-01-01,408.0
Lenny222,24,18,0.0,0.0,0.0,0.0,0,2012-12-13 14:15:03,2013-01-01,441.0
86.163.85.27,24,24,0.0,0.0,0.0,0.0,0,0,2013-01-01,0.0
86.186.32.32,24,21,0.0,0.0,0.0,0.0,0,0,2013-01-01,0.0
Bocardodarapti,24,8,0.0,0.0,0.0,6.0,0,2012-12-01 19:52:17,2013-01-01,724.0
Trasamundo,24,4,0.0,0.0,0.0,0.0,0,2012-12-30 13:36:58,2013-01-01,34.0
Bookman~wikidatawiki,24,10,0.0,0.0,0.0,0.0,0,2012-11-12 00:10:49,2013-01-01,1199.0
Grzegorznadolski,23,7,0.0,0.0,0.0,0.0,0,2012-11-11 16:39:02,2013-01-01,1207.0
79.201.111.222,23,21,0.0,0.0,0.0,0.0,0,0,2013-01-01,0.0
132.185.139.27,23,2,0.0,0.0,0.0,0.0,0,0,2013-01-01,0.0
Scott5114,22,4,0.0,0.0,0.0,1.0,0,2012-12-06 10:07:19,2013-01-01,613.0
77.186.162.213,22,7,0.0,0.0,0.0,0.0,0,0,2013-01-01,0.0
86.178.14.67,22,21,0.0,0.0,0.0,0.0,0,0,2013-01-01,0.0
93.219.43.91,21,19,0.0,0.0,0.0,0.0,0,0,2013-01-01,0.0
Tino,21,4,0.0,0.0,0.0,0.0,0,2012-11-17 20:59:21,2013-01-01,1059.0
Pucesurvitaminee,21,2,0.0,0.0,0.0,0.0,0,2012-12-04 12:38:24,2013-01-01,659.0
178.2.148.210,21,21,0.0,0.0,0.0,0.0,0,0,2013-01-01,0.0
Mxn,21,16,0.0,0.0,0.0,7.0,0,2006-04-08 19:46:29,2013-01-01,59020.0
109.90.165.16,21,8,0.0,0.0,0.0,0.0,0,0,2013-01-01,0.0
ShinePhantom,21,17,0.0,0.0,0.0,113.0,0,2012-10-30 10:21:49,2013-01-01,1501.0
Randykitty,21,9,9.0,0.0,0.0,0.0,0,2012-11-25 10:05:03,2013-01-01,877.0
93.219.22.169,21,21,0.0,0.0,0.0,0.0,0,0,2013-01-01,0.0
88.66.163.243,21,21,0.0,0.0,0.0,0.0,0,0,2013-01-01,0.0
Pallerti,21,9,0.0,0.0,0.0,2.0,0,2012-12-10 22:27:17,2013-01-01,505.0
PiRSquared17,20,11,4.0,0.0,0.0,10.0,0,2012-10-29 22:16:40,2013-01-01,1513.0
86.183.132.57,20,18,0.0,0.0,0.0,0.0,0,0,2013-01-01,0.0
87.54.11.4,20,18,0.0,0.0,0.0,19.0,0,0,2013-01-01,0.0
Matthew Beta,20,15,0.0,0.0,0.0,0.0,0,2012-12-21 16:42:46,2013-01-01,247.0
79.201.100.130,20,20,0.0,0.0,0.0,0.0,0,0,2013-01-01,0.0
Pladask,19,5,0.0,0.0,0.0,3.0,0,2012-12-14 14:30:10,2013-01-01,417.0
Blackpen,19,17,0.0,0.0,0.0,0.0,0,2012-12-22 10:20:23,2013-01-01,229.0
Dega180,19,2,0.0,0.0,0.0,2.0,0,2012-12-26 01:49:09,2013-01-01,142.0
178.192.37.90,19,3,0.0,0.0,0.0,0.0,0,0,2013-01-01,0.0
TBloemink,18,11,18.0,0.0,0.0,1.0,0,2012-10-30 18:15:29,2013-01-01,1493.0
86.180.85.143,18,18,0.0,0.0,0.0,0.0,0,0,2013-01-01,0.0
J36miles,18,6,0.0,0.0,0.0,3.0,0,2012-11-12 00:27:22,2013-01-01,1199.0
Jarekt,18,13,0.0,0.0,0.0,5.0,0,2010-12-04 16:15:20,2013-01-01,18199.0
Jeblad,18,11,0.0,0.0,0.0,110.0,0,0,2013-01-01,0.0
84.176.143.85,17,8,0.0,0.0,0.0,0.0,0,0,2013-01-01,0.0
86.182.96.16,17,17,0.0,0.0,0.0,0.0,0,0,2013-01-01,0.0
Julian leonardo paez,17,10,0.0,0.0,0.0,4.0,0,2012-11-05 15:19:03,2013-01-01,1352.0
86.129.21.143,17,16,0.0,0.0,0.0,0.0,0,0,2013-01-01,0.0
81.151.32.55,17,17,0.0,0.0,0.0,0.0,0,0,2013-01-01,0.0
Ynhockey,16,5,0.0,0.0,0.0,1.0,0,2012-12-01 15:46:24,2013-01-01,728.0
Michiel1972,16,5,0.0,0.0,0.0,1.0,0,2012-10-30 10:30:34,2013-01-01,1501.0
Michawiki,16,8,0.0,0.0,0.0,32.0,0,2012-12-07 19:57:47,2013-01-01,580.0
86.183.131.11,16,15,0.0,0.0,0.0,0.0,0,0,2013-01-01,0.0
Slgrandson,16,2,0.0,0.0,0.0,0.0,0,2012-11-21 21:38:39,2013-01-01,962.0
86.182.71.135,16,14,0.0,0.0,0.0,0.0,0,0,2013-01-01,0.0
Zanimum,16,15,0.0,0.0,0.0,0.0,0,2012-12-03 18:10:31,2013-01-01,677.0
Convallaria majalis,16,6,1.0,0.0,0.0,0.0,0,2012-10-31 14:49:58,2013-01-01,1473.0
MB-one,16,6,0.0,0.0,0.0,0.0,0,2012-11-29 11:45:03,2013-01-01,780.0
86.163.87.242,15,12,0.0,0.0,0.0,0.0,0,0,2013-01-01,0.0
Muichstrossn,15,1,0.0,0.0,0.0,0.0,0,2012-12-08 16:51:08,2013-01-01,559.0
Kwj2772,15,13,1.0,0.0,0.0,0.0,0,2009-07-25 08:04:00,2013-01-01,30135.0
85.119.130.112,15,12,0.0,0.0,0.0,0.0,0,0,2013-01-01,0.0
Lijealso,15,11,2.0,0.0,0.0,3.0,0,2012-12-29 17:46:23,2013-01-01,54.0
93.219.13.177,15,14,0.0,0.0,0.0,0.0,0,0,2013-01-01,0.0
Thirafydion,14,9,0.0,0.0,0.0,7.0,0,2012-12-27 16:19:38,2013-01-01,103.0
Velocitas,14,3,0.0,0.0,0.0,0.0,0,2012-12-11 19:45:47,2013-01-01,484.0
Florentyna,14,14,0.0,0.0,0.0,0.0,0,2012-12-07 22:28:56,2013-01-01,577.0
H2NCH2COOH,14,11,0.0,0.0,0.0,7.0,0,2012-12-02 15:24:27,2013-01-01,704.0
Ash Crow,14,3,0.0,0.0,0.0,0.0,0,2012-12-17 00:35:32,2013-01-01,359.0
86.129.21.57,14,14,0.0,0.0,0.0,0.0,0,0,2013-01-01,0.0
MaxEddi,14,11,0.0,0.0,0.0,0.0,0,2012-11-22 18:01:16,2013-01-01,941.0
79.217.177.226,14,14,0.0,0.0,0.0,0.0,0,0,2013-01-01,0.0
Cruccone,13,7,0.0,0.0,0.0,0.0,0,2012-10-30 17:26:16,2013-01-01,1494.0
86.182.97.204,13,10,0.0,0.0,0.0,0.0,0,0,2013-01-01,0.0
91.198.174.211,13,13,0.0,0.0,0.0,0.0,0,0,2013-01-01,0.0
Snipre,13,5,0.0,0.0,0.0,0.0,0,2012-10-29 20:42:53,2013-01-01,1515.0
80.218.24.92,13,11,0.0,0.0,0.0,0.0,0,0,2013-01-01,0.0
82.57.120.35,13,3,0.0,0.0,0.0,0.0,0,0,2013-01-01,0.0
86.184.234.215,13,11,0.0,0.0,0.0,0.0,0,0,2013-01-01,0.0
86.184.24.152,13,12,0.0,0.0,0.0,0.0,0,0,2013-01-01,0.0
93.220.120.199,13,4,0.0,0.0,0.0,0.0,0,0,2013-01-01,0.0
84.222.178.172,12,6,0.0,0.0,0.0,0.0,0,0,2013-01-01,0.0
75.173.71.78,12,10,0.0,0.0,0.0,0.0,0,0,2013-01-01,0.0
68.84.47.109,12,12,0.0,0.0,0.0,5.0,0,0,2013-01-01,0.0
86.162.119.50,12,12,0.0,0.0,0.0,0.0,0,0,2013-01-01,0.0
Eest9,12,3,0.0,0.0,0.0,0.0,0,2012-12-22 14:50:15,2013-01-01,225.0
Sanyi4,12,2,0.0,0.0,0.0,0.0,0,2012-12-23 20:36:59,2013-01-01,195.0
Hydriz,12,5,0.0,0.0,0.0,1.0,0,2012-10-30 09:39:41,2013-01-01,1502.0
92.224.25.38,11,4,0.0,0.0,0.0,0.0,0,0,2013-01-01,0.0
Dodoïste,11,9,0.0,0.0,0.0,1.0,0,2012-11-04 21:05:01,2013-01-01,1370.0
Draceane,11,8,0.0,0.0,0.0,12.0,0,2012-12-06 15:09:53,2013-01-01,608.0
Blackcat,11,4,0.0,0.0,0.0,1.0,0,2012-12-25 18:17:56,2013-01-01,149.0
MichaelSchoenitzer,11,9,0.0,0.0,0.0,4.0,0,2012-10-30 22:05:41,2013-01-01,1489.0
Gobonobo,11,10,0.0,0.0,0.0,0.0,0,2012-12-17 12:30:18,2013-01-01,347.0
81.35.27.198,11,8,0.0,0.0,0.0,11.0,0,0,2013-01-01,0.0
Roucas,11,6,0.0,0.0,0.0,4.0,0,2012-12-02 21:22:53,2013-01-01,698.0
86.183.172.163,11,11,0.0,0.0,0.0,0.0,0,0,2013-01-01,0.0
Danmichaelo,11,7,0.0,0.0,0.0,24.0,0,2011-07-10 11:57:23,2013-01-01,12972.0
121.99.58.70,11,7,0.0,0.0,0.0,1.0,0,0,2013-01-01,0.0
Érico,11,11,0.0,0.0,0.0,3.0,0,2012-12-01 22:00:47,2013-01-01,721.0
ZxxZxxZ,11,8,2.0,0.0,0.0,1.0,0,2012-04-28 12:22:01,2013-01-01,5939.0
152.81.5.52,11,1,0.0,0.0,0.0,0.0,0,0,2013-01-01,0.0
BuschBohne,10,4,0.0,0.0,0.0,0.0,0,2012-12-01 18:10:10,2013-01-01,725.0
Ciphers,10,10,0.0,0.0,0.0,25.0,0,2012-12-11 21:22:49,2013-01-01,482.0
$traight-$hoota,10,8,0.0,0.0,0.0,0.0,0,2012-12-04 12:58:12,2013-01-01,659.0
BohemianRhapsody,10,1,0.0,0.0,0.0,0.0,0,2012-10-31 01:14:13,2013-01-01,1486.0
Kaganer,10,9,0.0,0.0,0.0,19.0,0,2006-11-20 19:35:07,2013-01-01,53596.0
86.173.173.212,10,10,0.0,0.0,0.0,0.0,0,0,2013-01-01,0.0
86.182.97.119,10,10,0.0,0.0,0.0,0.0,0,0,2013-01-01,0.0
アルトクール,9,1,0.0,0.0,0.0,0.0,0,2012-11-28 13:51:13,2013-01-01,802.0
Frank C. Müller,9,4,0.0,0.0,0.0,0.0,0,2012-11-22 09:11:32,2013-01-01,950.0
Ebrahim,9,6,0.0,0.0,0.0,0.0,0,2011-05-31 17:33:58,2013-01-01,13926.0
86.184.24.243,9,9,0.0,0.0,0.0,0.0,0,0,2013-01-01,0.0
Kusavica,9,7,0.0,0.0,0.0,0.0,0,2012-12-06 18:22:46,2013-01-01,605.0
90.53.197.46,9,1,0.0,0.0,0.0,0.0,0,0,2013-01-01,0.0
MisterSynergy,9,9,0.0,0.0,0.0,0.0,0,2012-12-23 16:56:32,2013-01-01,199.0
87.4.19.50,9,2,0.0,0.0,0.0,0.0,0,0,2013-01-01,0.0
SPQRobin,9,8,0.0,0.0,0.0,2.0,0,2012-10-31 00:08:38,2013-01-01,1487.0
90.155.51.9,9,4,0.0,0.0,0.0,0.0,0,0,2013-01-01,0.0
Bináris,9,6,0.0,0.0,0.0,9.0,0,2012-11-11 12:55:19,2013-01-01,1211.0
EdwardsBot,9,3,0.0,0.0,0.0,36.0,0,2012-11-24 09:07:16,2013-01-01,902.0
86.77.92.20,9,5,0.0,0.0,0.0,1.0,0,0,2013-01-01,0.0
Skizzik,9,4,0.0,0.0,0.0,0.0,0,2012-12-10 21:17:24,2013-01-01,506.0
Gthf,9,2,0.0,0.0,0.0,0.0,0,2012-11-03 18:25:20,2013-01-01,1397.0
Una giornata uggiosa '94,9,2,0.0,0.0,0.0,0.0,0,2012-12-27 00:44:16,2013-01-01,119.0
Jesi,9,4,0.0,0.0,0.0,0.0,0,2012-12-21 13:54:18,2013-01-01,250.0
Katkov Yury,8,1,0.0,0.0,0.0,0.0,0,2012-12-09 10:19:11,2013-01-01,541.0
Khgoo61,8,3,0.0,0.0,0.0,0.0,0,2012-12-16 11:04:34,2013-01-01,372.0
178.2.148.184,8,8,0.0,0.0,0.0,0.0,0,0,2013-01-01,0.0
Crapsy1994,8,5,0.0,0.0,0.0,0.0,0,2012-12-24 16:01:05,2013-01-01,175.0
Sturmflut,8,6,0.0,0.0,0.0,0.0,0,2012-12-24 21:41:54,2013-01-01,170.0
Centralien,8,1,0.0,0.0,0.0,0.0,0,2012-12-15 16:55:31,2013-01-01,391.0
Андера,8,4,0.0,0.0,0.0,1.0,0,2012-12-10 20:30:13,2013-01-01,507.0
HueSatLum,8,3,0.0,0.0,0.0,1.0,0,2012-12-31 17:49:57,2013-01-01,6.0
Fra4481,8,3,0.0,0.0,0.0,0.0,0,2012-12-01 13:05:24,2013-01-01,730.0
Sbisolo,8,4,0.0,0.0,0.0,0.0,0,2012-11-15 16:13:24,2013-01-01,1111.0
91.198.174.201,8,8,0.0,0.0,0.0,0.0,0,0,2013-01-01,0.0
84.175.74.231,8,4,0.0,0.0,0.0,0.0,0,0,2013-01-01,0.0
TomT0m,7,3,0.0,0.0,0.0,0.0,0,2012-12-15 17:38:56,2013-01-01,390.0
Albe ni,7,5,0.0,0.0,0.0,0.0,0,2012-12-30 11:30:49,2013-01-01,36.0
Ypnypn,7,7,0.0,0.0,0.0,5.0,0,2012-11-23 18:07:52,2013-01-01,917.0
Tpt,7,6,0.0,0.0,0.0,17.0,0,2012-10-30 10:08:12,2013-01-01,1501.0
91.187.117.11,7,1,0.0,0.0,0.0,0.0,0,0,2013-01-01,0.0
77.202.10.41,7,6,0.0,0.0,0.0,0.0,0,0,2013-01-01,0.0
Musicaline,7,2,0.0,0.0,0.0,0.0,0,2012-12-01 06:17:20,2013-01-01,737.0
217.232.66.42,7,7,0.0,0.0,0.0,0.0,0,0,2013-01-01,0.0
Àlex,7,5,0.0,0.0,0.0,1.0,0,2012-11-04 00:24:31,2013-01-01,1391.0
Donarreiskoffer,7,4,0.0,0.0,0.0,0.0,0,2012-11-14 15:22:26,2013-01-01,1136.0
91.198.174.203,7,7,0.0,0.0,0.0,0.0,0,0,2013-01-01,0.0
81.221.130.85,7,3,0.0,0.0,0.0,0.0,0,0,2013-01-01,0.0
Rippitippi,7,2,0.0,0.0,0.0,0.0,0,2012-11-11 00:38:49,2013-01-01,1223.0
L736E,7,2,0.0,0.0,0.0,0.0,0,2012-10-31 13:41:48,2013-01-01,1474.0
Raystorm,6,1,0.0,0.0,0.0,0.0,0,2012-10-30 18:36:13,2013-01-01,1493.0
187.114.146.108,6,6,0.0,0.0,0.0,0.0,0,0,2013-01-01,0.0
86.180.84.156,6,6,0.0,0.0,0.0,0.0,0,0,2013-01-01,0.0
Giftzwerg 88,6,4,0.0,0.0,0.0,37.0,0,2012-12-30 21:36:55,2013-01-01,26.0
UV,6,3,0.0,0.0,0.0,0.0,0,2012-12-31 14:36:02,2013-01-01,9.0
Denny Vrandečić (WMDE),6,2,0.0,0.0,0.0,2.0,0,2012-10-29 20:29:03,2013-01-01,1515.0
82.117.201.26,6,2,0.0,0.0,0.0,0.0,0,0,2013-01-01,0.0
Rgabriel~wikidatawiki,6,4,0.0,0.0,0.0,0.0,0,2012-12-28 22:26:05,2013-01-01,73.0
109.48.70.80,6,6,0.0,0.0,0.0,0.0,0,0,2013-01-01,0.0
Njardarlogar,6,4,0.0,0.0,0.0,2.0,0,2012-12-16 16:10:47,2013-01-01,367.0
110.245.14.40,6,2,0.0,0.0,0.0,1.0,0,0,2013-01-01,0.0
Arkanosis,6,6,0.0,0.0,0.0,7.0,0,2012-10-31 15:30:13,2013-01-01,1472.0
Peter17,6,1,0.0,0.0,0.0,0.0,0,2012-12-03 15:58:43,2013-01-01,680.0
Hoo man,6,3,0.0,0.0,0.0,1.0,0,2012-11-01 00:21:16,2013-01-01,1463.0
83.206.120.18,5,5,0.0,0.0,0.0,0.0,0,0,2013-01-01,0.0
David.riccitelli,5,2,0.0,0.0,0.0,0.0,0,2012-12-23 07:42:42,2013-01-01,208.0
Vhsaw,5,2,0.0,0.0,0.0,0.0,0,2012-12-23 14:18:53,2013-01-01,201.0
Waldir,5,5,0.0,0.0,0.0,1.0,0,2012-10-31 18:54:52,2013-01-01,1469.0
80.81.14.181,5,5,0.0,0.0,0.0,0.0,0,0,2013-01-01,0.0
77.253.206.0,5,1,0.0,0.0,0.0,0.0,0,0,2013-01-01,0.0
SimonMKay,5,2,0.0,0.0,0.0,0.0,0,2012-12-24 12:47:52,2013-01-01,179.0
Kdkeller,5,3,0.0,0.0,0.0,0.0,0,2012-12-23 22:12:47,2013-01-01,193.0
79.168.51.74,5,5,0.0,0.0,0.0,0.0,0,0,2013-01-01,0.0
Xgeorg,5,2,0.0,0.0,0.0,0.0,0,2012-12-03 15:55:36,2013-01-01,680.0
82.134.149.180,5,5,0.0,0.0,0.0,0.0,0,0,2013-01-01,0.0
109.48.79.27,5,5,0.0,0.0,0.0,0.0,0,0,2013-01-01,0.0
86.166.67.19,5,5,0.0,0.0,0.0,0.0,0,0,2013-01-01,0.0
Sonderwonder,5,4,0.0,0.0,0.0,0.0,0,2012-12-21 14:51:02,2013-01-01,249.0
93.220.73.222,5,3,0.0,0.0,0.0,0.0,0,0,2013-01-01,0.0
62.31.128.116,5,2,0.0,0.0,0.0,0.0,0,0,2013-01-01,0.0
Cocu,5,2,0.0,0.0,0.0,0.0,0,2012-10-30 16:18:56,2013-01-01,1495.0
77.202.4.51,5,4,0.0,0.0,0.0,0.0,0,0,2013-01-01,0.0
190.20.126.82,5,1,0.0,0.0,0.0,0.0,0,0,2013-01-01,0.0
Shisma,5,4,0.0,0.0,0.0,0.0,0,2012-10-30 21:31:33,2013-01-01,1490.0
Нойе Цюрхер Цайтунг 1995,5,4,0.0,0.0,0.0,0.0,0,2012-12-30 17:12:34,2013-01-01,30.0
"<contributor deleted=""deleted"" />",5,5,0.0,0.0,0.0,4.0,0,2012-10-31 17:21:32,2013-01-01,1470.0
IamBorg,5,2,0.0,0.0,0.0,0.0,0,2012-11-10 20:14:03,2013-01-01,1227.0
87.175.153.161,5,5,0.0,0.0,0.0,0.0,0,0,2013-01-01,0.0
77.6.150.209,5,5,0.0,0.0,0.0,0.0,0,0,2013-01-01,0.0
Eleassar,4,1,0.0,0.0,0.0,2.0,0,2006-11-14 12:49:54,2013-01-01,53747.0
Morten Haan,4,2,0.0,0.0,0.0,3.0,0,2012-10-31 15:29:18,2013-01-01,1472.0
Atamari,4,4,0.0,0.0,0.0,0.0,0,2012-12-23 17:42:38,2013-01-01,198.0
Rosenzweig,4,3,1.0,0.0,0.0,0.0,0,2012-10-30 23:06:54,2013-01-01,1488.0
109.48.74.15,4,4,0.0,0.0,0.0,0.0,0,0,2013-01-01,0.0
81.159.143.117,4,4,0.0,0.0,0.0,0.0,0,0,2013-01-01,0.0
Babel AutoCreate,4,4,0.0,0.0,0.0,0.0,0,2012-11-14 12:43:03,2013-01-01,1139.0
Trockennasenaffe,4,4,0.0,0.0,0.0,0.0,0,2012-10-31 13:40:21,2013-01-01,1474.0
C messier,4,4,0.0,0.0,0.0,1.0,0,2012-12-29 19:12:09,2013-01-01,52.0
93.220.72.41,4,1,0.0,0.0,0.0,0.0,0,0,2013-01-01,0.0
JAn Dudík,4,4,0.0,0.0,0.0,1.0,0,2012-10-30 13:13:26,2013-01-01,1498.0
86.183.175.188,4,4,0.0,0.0,0.0,0.0,0,0,2013-01-01,0.0
Ignatus,4,3,0.0,0.0,0.0,7.0,0,2012-11-01 09:42:49,2013-01-01,1454.0
Docu,4,4,0.0,0.0,0.0,0.0,0,2009-10-26 19:49:33,2013-01-01,27892.0
Danny B.,4,4,0.0,0.0,0.0,2.0,0,2012-11-06 23:18:41,2013-01-01,1320.0
77.6.221.185,4,4,0.0,0.0,0.0,0.0,0,0,2013-01-01,0.0
Fundriver,4,3,0.0,0.0,0.0,0.0,0,2012-12-04 13:45:13,2013-01-01,658.0
Green Mostaza,4,3,0.0,0.0,0.0,4.0,0,2012-11-03 05:36:10,2013-01-01,1410.0
95.118.40.53,4,4,0.0,0.0,0.0,0.0,0,0,2013-01-01,0.0
Rohini,4,1,0.0,0.0,0.0,1.0,0,2012-12-05 07:14:58,2013-01-01,640.0
GiacomoV,4,1,0.0,0.0,0.0,0.0,0,2012-10-30 17:34:09,2013-01-01,1494.0
Fnielsen,4,1,0.0,0.0,0.0,0.0,0,2012-10-30 12:29:01,2013-01-01,1499.0
77.201.235.217,4,3,0.0,0.0,0.0,0.0,0,0,2013-01-01,0.0
Vive la Rosière,4,2,0.0,0.0,0.0,0.0,0,2012-12-30 03:08:18,2013-01-01,44.0
101.63.250.123,4,1,0.0,0.0,0.0,0.0,0,0,2013-01-01,0.0
DavidL,4,4,0.0,0.0,0.0,0.0,0,2012-12-15 16:53:49,2013-01-01,391.0
Nicolas M. Perrault,4,3,0.0,0.0,0.0,1.0,0,2012-10-30 21:02:07,2013-01-01,1490.0
Kghbln,4,1,2.0,0.0,0.0,0.0,0,2012-11-10 22:41:22,2013-01-01,1225.0
YFdyh000,4,4,0.0,0.0,0.0,19.0,0,2012-12-06 02:43:00,2013-01-01,621.0
TED,4,2,0.0,0.0,0.0,1.0,0,2012-12-04 01:31:11,2013-01-01,670.0
Capaccio,3,1,0.0,0.0,0.0,4.0,0,2012-12-23 17:10:43,2013-01-01,198.0
77.188.48.174,3,1,0.0,0.0,0.0,0.0,0,0,2013-01-01,0.0
Ironholds,3,3,0.0,0.0,0.0,0.0,0,2012-10-30 10:45:51,2013-01-01,1501.0
203.189.158.119,3,1,0.0,0.0,0.0,0.0,0,0,2013-01-01,0.0
86.178.8.34,3,3,0.0,0.0,0.0,0.0,0,0,2013-01-01,0.0
Gereon K.,3,2,0.0,0.0,0.0,3.0,0,2012-12-05 15:20:17,2013-01-01,632.0
Aslkjdflk,3,1,0.0,0.0,0.0,0.0,0,2012-12-16 21:55:24,2013-01-01,362.0
Vajotwo,3,1,0.0,0.0,0.0,0.0,0,2012-10-31 11:42:08,2013-01-01,1476.0
Мастер теней,3,1,0.0,0.0,0.0,0.0,0,2012-10-30 21:06:37,2013-01-01,1490.0
Dcoetzee,3,2,0.0,0.0,0.0,0.0,0,2012-12-10 19:44:01,2013-01-01,508.0
Xtreme2000,3,1,0.0,0.0,0.0,0.0,0,2012-12-25 22:56:27,2013-01-01,145.0
93.173.133.100,3,1,0.0,0.0,0.0,0.0,0,0,2013-01-01,0.0
RanZag,3,2,0.0,0.0,0.0,2.0,0,2012-11-11 15:39:32,2013-01-01,1208.0
82.170.182.74,3,2,0.0,0.0,0.0,0.0,0,0,2013-01-01,0.0
86.66.180.48,3,1,0.0,0.0,0.0,0.0,0,0,2013-01-01,0.0
Aplasia,3,1,0.0,0.0,0.0,0.0,0,2012-10-30 17:05:21,2013-01-01,1494.0
Ort43v,3,1,0.0,0.0,0.0,0.0,0,2012-12-07 15:33:07,2013-01-01,584.0
93.203.212.69,3,1,0.0,0.0,0.0,0.0,0,0,2013-01-01,0.0
SMcCandlish,3,2,0.0,0.0,0.0,1.0,0,2008-09-01 21:41:42,2013-01-01,37970.0
194.95.119.139,3,2,0.0,0.0,0.0,0.0,0,0,2013-01-01,0.0
Ali1,3,2,0.0,0.0,0.0,0.0,0,2012-12-04 17:45:09,2013-01-01,654.0
Another Believer,3,2,0.0,0.0,0.0,0.0,0,2012-12-20 19:42:05,2013-01-01,268.0
Leag,3,3,0.0,0.0,0.0,2.0,0,2012-10-30 12:23:19,2013-01-01,1499.0
Strannik27,3,1,0.0,0.0,0.0,0.0,0,2012-12-03 07:06:48,2013-01-01,688.0
Holder,3,2,0.0,0.0,0.0,4.0,0,2012-12-08 12:22:29,2013-01-01,563.0
Nick168~wikidatawiki,3,2,0.0,0.0,0.0,0.0,0,2012-12-16 23:52:13,2013-01-01,360.0
87.175.168.23,3,2,0.0,0.0,0.0,0.0,0,0,2013-01-01,0.0
184.151.63.185,3,2,0.0,0.0,0.0,0.0,0,0,2013-01-01,0.0
Osiris,3,2,0.0,0.0,0.0,0.0,0,2012-11-09 11:45:16,2013-01-01,1260.0
Alter Fritz,3,2,0.0,0.0,0.0,0.0,0,2012-12-07 20:04:09,2013-01-01,579.0
Naveen kembanur,3,1,0.0,0.0,0.0,0.0,0,2012-12-08 16:13:41,2013-01-01,559.0
Don-kun,3,3,0.0,0.0,0.0,0.0,0,2012-10-30 22:04:46,2013-01-01,1489.0
87.221.76.177,3,1,0.0,0.0,0.0,0.0,0,0,2013-01-01,0.0
188.56.167.65,3,1,0.0,0.0,0.0,0.0,0,0,2013-01-01,0.0
Esceptic0,3,1,0.0,0.0,0.0,0.0,0,2012-11-08 21:31:44,2013-01-01,1274.0
Bennylin,3,2,0.0,0.0,0.0,14.0,0,2012-11-08 08:47:06,2013-01-01,1287.0
77.202.3.251,3,3,0.0,0.0,0.0,0.0,0,0,2013-01-01,0.0
Pólux,3,2,0.0,0.0,0.0,0.0,0,2012-12-21 02:21:50,2013-01-01,261.0
John Erling Blad (WMDE),3,3,0.0,0.0,0.0,9.0,0,2012-11-02 09:53:42,2013-01-01,1430.0
77.202.3.164,2,2,0.0,0.0,0.0,0.0,0,0,2013-01-01,0.0
129.24.94.151,2,1,0.0,0.0,0.0,0.0,0,0,2013-01-01,0.0
Silke WMDE,2,1,0.0,0.0,0.0,0.0,0,2012-10-30 09:58:37,2013-01-01,1502.0
93.23.18.79,2,2,0.0,0.0,0.0,0.0,0,0,2013-01-01,0.0
Leimeisei~wikidatawiki,2,2,0.0,0.0,0.0,0.0,0,2012-12-09 00:08:05,2013-01-01,551.0
217.252.100.31,2,1,0.0,0.0,0.0,0.0,0,0,2013-01-01,0.0
91.58.181.15,2,1,0.0,0.0,0.0,0.0,0,0,2013-01-01,0.0
85.178.1.6,2,1,0.0,0.0,0.0,0.0,0,0,2013-01-01,0.0
Mathematicair,2,2,0.0,0.0,0.0,2.0,0,2012-12-06 21:02:44,2013-01-01,602.0
Imdad.ahmed,2,1,0.0,0.0,0.0,0.0,0,2012-12-08 18:47:52,2013-01-01,557.0
188.23.159.161,2,1,0.0,0.0,0.0,0.0,0,0,2013-01-01,0.0
Pequod76,2,1,0.0,0.0,0.0,3.0,0,2012-12-23 11:49:30,2013-01-01,204.0
85.241.15.219,2,1,0.0,0.0,0.0,0.0,0,0,2013-01-01,0.0
Ebe123,2,2,0.0,0.0,0.0,0.0,0,2011-07-14 20:44:45,2013-01-01,12867.0
Maximilianklein,2,1,0.0,0.0,0.0,0.0,0,2012-12-07 18:54:46,2013-01-01,581.0
193.55.52.2,2,2,0.0,0.0,0.0,0.0,0,0,2013-01-01,0.0
Signalwerk,2,2,0.0,0.0,0.0,1.0,0,2012-12-21 23:15:09,2013-01-01,240.0
117.57.119.202,2,2,0.0,0.0,0.0,0.0,0,0,2013-01-01,0.0
Zebulon84,2,1,0.0,0.0,0.0,0.0,0,2012-12-17 05:05:59,2013-01-01,354.0
Sikky,2,1,0.0,0.0,0.0,0.0,0,2012-12-12 19:06:49,2013-01-01,460.0
75.36.162.157,2,1,0.0,0.0,0.0,0.0,0,0,2013-01-01,0.0
176.28.87.177,2,1,0.0,0.0,0.0,0.0,0,0,2013-01-01,0.0
85.1.248.32,2,1,0.0,0.0,0.0,0.0,0,0,2013-01-01,0.0
Althiphika,2,2,0.0,0.0,0.0,0.0,0,2012-12-04 20:23:21,2013-01-01,651.0
91.55.34.204,2,1,0.0,0.0,0.0,0.0,0,0,2013-01-01,0.0
81.249.233.125,2,1,0.0,0.0,0.0,0.0,0,0,2013-01-01,0.0
86.76.195.121,2,1,0.0,0.0,0.0,0.0,0,0,2013-01-01,0.0
93.220.80.111,2,2,0.0,0.0,0.0,0.0,0,0,2013-01-01,0.0
84.186.249.91,2,1,0.0,0.0,0.0,0.0,0,0,2013-01-01,0.0
24.200.114.2,2,1,0.0,0.0,0.0,0.0,0,0,2013-01-01,0.0
Ra'ike,2,2,0.0,0.0,0.0,0.0,0,2012-12-16 22:34:44,2013-01-01,361.0
85.179.38.129,2,1,0.0,0.0,0.0,0.0,0,0,2013-01-01,0.0
194.174.73.33,2,1,0.0,0.0,0.0,0.0,0,0,2013-01-01,0.0
Li3939108,2,2,0.0,0.0,0.0,0.0,0,2012-12-31 14:41:09,2013-01-01,9.0
Dank,2,2,0.0,0.0,0.0,0.0,0,2012-12-03 23:11:29,2013-01-01,672.0
Alug,2,1,0.0,0.0,0.0,0.0,0,2012-12-08 01:40:13,2013-01-01,574.0
TheGeneralUser,2,2,0.0,0.0,0.0,0.0,0,2012-12-24 12:53:06,2013-01-01,179.0
132.185.161.100,2,1,0.0,0.0,0.0,0.0,0,0,2013-01-01,0.0
Flominator,2,2,0.0,0.0,0.0,2.0,0,2012-12-04 12:20:28,2013-01-01,659.0
Catalaalatac,2,1,0.0,0.0,0.0,0.0,0,2012-12-29 23:23:01,2013-01-01,48.0
84.156.165.162,2,1,0.0,0.0,0.0,0.0,0,0,2013-01-01,0.0
Stratoprutser,2,1,0.0,0.0,0.0,3.0,0,2012-12-09 18:58:28,2013-01-01,533.0
Meisam,2,2,0.0,0.0,0.0,0.0,0,2012-12-30 18:21:25,2013-01-01,29.0
79.214.101.134,2,1,0.0,0.0,0.0,0.0,0,0,2013-01-01,0.0
LavixCanvas,2,1,0.0,0.0,0.0,0.0,0,2012-12-21 10:25:01,2013-01-01,253.0
Gloumouth1,2,2,0.0,0.0,0.0,0.0,0,2012-10-30 14:07:20,2013-01-01,1497.0
Jens Ohlig,2,2,0.0,0.0,0.0,0.0,0,2012-10-29 18:08:27,2013-01-01,1517.0
80.98.35.104,2,1,0.0,0.0,0.0,0.0,0,0,2013-01-01,0.0
Olivier Cheminet,2,1,0.0,0.0,0.0,0.0,0,2012-12-29 13:58:00,2013-01-01,58.0
Maćko,2,1,0.0,0.0,0.0,0.0,0,2012-10-30 23:42:26,2013-01-01,1488.0
86.140.151.59,2,2,0.0,0.0,0.0,0.0,0,0,2013-01-01,0.0
WTM,2,1,0.0,0.0,0.0,1.0,0,2012-10-30 15:34:58,2013-01-01,1496.0
82.48.138.16,2,2,0.0,0.0,0.0,0.0,0,0,2013-01-01,0.0
ShreCk,2,1,0.0,0.0,0.0,0.0,0,2012-12-13 19:37:30,2013-01-01,436.0
86.76.9.135,2,2,0.0,0.0,0.0,0.0,0,0,2013-01-01,0.0
Rancalred,2,2,0.0,0.0,0.0,0.0,0,2012-12-19 22:50:47,2013-01-01,289.0
95.180.36.82,2,1,0.0,0.0,0.0,0.0,0,0,2013-01-01,0.0
178.2.152.72,2,1,0.0,0.0,0.0,0.0,0,0,2013-01-01,0.0
BinBot,2,1,0.0,0.0,0.0,0.0,0,0,2013-01-01,0.0
Pjacobi,2,1,0.0,0.0,0.0,0.0,0,2012-12-19 10:41:26,2013-01-01,301.0
Reinhard Müller,2,2,0.0,0.0,0.0,0.0,0,2012-12-03 18:05:00,2013-01-01,677.0
84.186.254.8,2,1,0.0,0.0,0.0,0.0,0,0,2013-01-01,0.0
83.77.15.9,2,1,0.0,0.0,0.0,0.0,0,0,2013-01-01,0.0
90.20.94.60,2,1,0.0,0.0,0.0,0.0,0,0,2013-01-01,0.0
155.158.53.249,2,1,0.0,0.0,0.0,0.0,0,0,2013-01-01,0.0
Rock drum,2,1,0.0,0.0,0.0,0.0,0,2012-11-01 18:19:31,2013-01-01,1445.0
123.119.244.156,2,1,0.0,0.0,0.0,0.0,0,0,2013-01-01,0.0
Euterpia,2,1,0.0,0.0,0.0,0.0,0,2012-10-30 12:33:27,2013-01-01,1499.0
84.176.144.192,2,1,0.0,0.0,0.0,0.0,0,0,2013-01-01,0.0
63.221.152.69,2,1,0.0,0.0,0.0,1.0,0,0,2013-01-01,0.0
Lupo rosso,2,1,0.0,0.0,0.0,0.0,0,2012-12-11 18:47:33,2013-01-01,485.0
Pathoschild,2,2,0.0,0.0,0.0,0.0,0,2006-05-11 04:12:21,2013-01-01,58243.0
86.162.39.90,2,1,0.0,0.0,0.0,0.0,0,0,2013-01-01,0.0
84.144.16.64,2,1,0.0,0.0,0.0,0.0,0,0,2013-01-01,0.0
Jmvkrecords,2,1,0.0,0.0,0.0,0.0,0,2012-11-07 08:37:06,2013-01-01,1311.0
2.86.14.117,2,2,0.0,0.0,0.0,0.0,0,0,2013-01-01,0.0
85.181.82.32,2,1,0.0,0.0,0.0,0.0,0,0,2013-01-01,0.0
Myr,2,1,0.0,0.0,0.0,1.0,0,2012-12-24 21:33:56,2013-01-01,170.0
Thine Antique Pen,2,2,0.0,0.0,0.0,1.0,0,2012-11-23 23:24:57,2013-01-01,912.0
83.84.219.237,2,1,0.0,0.0,0.0,0.0,0,0,2013-01-01,0.0
84.185.192.8,2,1,0.0,0.0,0.0,0.0,0,0,2013-01-01,0.0
83.203.247.174,2,1,0.0,0.0,0.0,0.0,0,0,2013-01-01,0.0
213.219.161.94,2,1,0.0,0.0,0.0,0.0,0,0,2013-01-01,0.0
Tntchn,2,1,0.0,0.0,0.0,0.0,0,2012-12-01 12:42:45,2013-01-01,731.0
85.241.186.93,2,1,0.0,0.0,0.0,0.0,0,0,2013-01-01,0.0
Totodu74,2,1,0.0,0.0,0.0,0.0,0,2012-10-30 14:22:27,2013-01-01,1497.0
JamesA,2,1,0.0,0.0,0.0,0.0,0,2012-10-31 06:51:19,2013-01-01,1481.0
DerHexer,2,2,0.0,0.0,0.0,2.0,0,2009-03-05 14:45:18,2013-01-01,33537.0
Peter Weis,2,2,0.0,0.0,0.0,0.0,0,2012-10-31 09:05:53,2013-01-01,1478.0
Tmv23,2,1,0.0,0.0,0.0,0.0,0,2012-12-24 22:44:36,2013-01-01,169.0
Reedy,2,2,0.0,0.0,0.0,1.0,0,2012-10-29 17:41:05,2013-01-01,1518.0
89.204.154.56,2,1,0.0,0.0,0.0,0.0,0,0,2013-01-01,0.0
FallingGravity,2,1,0.0,0.0,0.0,0.0,0,2012-12-03 03:19:38,2013-01-01,692.0
84.223.139.156,2,1,0.0,0.0,0.0,0.0,0,0,2013-01-01,0.0
MercurioMT,2,2,0.0,0.0,0.0,0.0,0,2012-11-06 22:11:29,2013-01-01,1321.0
Gyrostat,2,1,0.0,0.0,0.0,0.0,0,2012-10-30 12:48:51,2013-01-01,1499.0
King of Hearts,2,2,0.0,0.0,0.0,0.0,0,2012-12-02 09:14:39,2013-01-01,710.0
Karmela,2,1,0.0,0.0,0.0,0.0,0,2012-12-01 00:35:25,2013-01-01,743.0
Ninovolador,1,1,0.0,0.0,0.0,0.0,0,2012-12-17 03:31:35,2013-01-01,356.0
174.19.165.112,1,1,0.0,0.0,0.0,0.0,0,0,2013-01-01,0.0
80.219.56.38,1,1,0.0,0.0,0.0,0.0,0,0,2013-01-01,0.0
Zanka,1,1,0.0,0.0,0.0,7.0,0,2012-10-31 13:55:57,2013-01-01,1474.0
Léna,1,1,0.0,0.0,0.0,1.0,0,2012-12-16 11:56:15,2013-01-01,372.0
T.A Shirakawa,1,1,0.0,0.0,0.0,0.0,0,2012-12-30 12:15:13,2013-01-01,35.0
24.243.39.138,1,1,0.0,0.0,0.0,0.0,0,0,2013-01-01,0.0
Kozuch,1,1,0.0,0.0,0.0,0.0,0,2012-12-20 10:19:48,2013-01-01,277.0
Makecat,1,1,0.0,0.0,0.0,1.0,0,2012-12-16 10:40:37,2013-01-01,373.0
218.188.32.74,1,1,0.0,0.0,0.0,0.0,0,0,2013-01-01,0.0
92.225.150.85,1,1,0.0,0.0,0.0,0.0,0,0,2013-01-01,0.0
88.64.139.232,1,1,0.0,0.0,0.0,0.0,0,0,2013-01-01,0.0
92.135.30.37,1,1,0.0,0.0,0.0,0.0,0,0,2013-01-01,0.0
Alan.ca,1,1,0.0,0.0,0.0,0.0,0,2012-12-08 17:30:29,2013-01-01,558.0
109.48.72.43,1,1,0.0,0.0,0.0,0.0,0,0,2013-01-01,0.0
95.228.211.164,1,1,0.0,0.0,0.0,0.0,0,0,2013-01-01,0.0
Incarus,1,1,0.0,0.0,0.0,0.0,0,2012-12-17 13:55:53,2013-01-01,346.0
84.208.148.91,1,1,0.0,0.0,0.0,0.0,0,0,2013-01-01,0.0
89.218.72.158,1,1,0.0,0.0,0.0,0.0,0,0,2013-01-01,0.0
151.27.193.76,1,1,0.0,0.0,0.0,0.0,0,0,2013-01-01,0.0
Gondola,1,1,0.0,0.0,0.0,0.0,0,2012-11-16 21:41:55,2013-01-01,1082.0
Ort,1,1,0.0,0.0,0.0,0.0,0,2012-12-21 11:05:11,2013-01-01,252.0
115.241.95.25,1,1,0.0,0.0,0.0,0.0,0,0,2013-01-01,0.0
Richardbl,1,1,0.0,0.0,0.0,0.0,0,2012-11-17 14:41:31,2013-01-01,1065.0
57.66.175.6,1,1,0.0,0.0,0.0,0.0,0,0,2013-01-01,0.0
82.59.126.131,1,1,0.0,0.0,0.0,0.0,0,0,2013-01-01,0.0
2A01:E35:2E13:800:949B:1BF4:7CFD:8354,1,1,0.0,0.0,0.0,0.0,0,0,2013-01-01,0.0
Ofrahod,1,1,0.0,0.0,0.0,2.0,0,2012-12-25 12:51:29,2013-01-01,155.0
210.57.215.130,1,1,0.0,0.0,0.0,0.0,0,0,2013-01-01,0.0
95.107.178.18,1,1,0.0,0.0,0.0,0.0,0,0,2013-01-01,0.0
Lucas,1,1,0.0,0.0,0.0,0.0,0,2012-11-14 13:49:20,2013-01-01,1138.0
91.42.204.173,1,1,0.0,0.0,0.0,0.0,0,0,2013-01-01,0.0
86.183.28.192,1,1,0.0,0.0,0.0,0.0,0,0,2013-01-01,0.0
Theredmonkey,1,1,0.0,0.0,0.0,0.0,0,2012-10-31 12:35:08,2013-01-01,1475.0
Derehosrescalo,1,1,0.0,0.0,0.0,0.0,0,2012-12-25 04:02:46,2013-01-01,163.0
87.175.188.25,1,1,0.0,0.0,0.0,0.0,0,0,2013-01-01,0.0
Austereraj,1,1,0.0,0.0,0.0,0.0,0,2012-12-29 18:02:31,2013-01-01,53.0
107.195.119.79,1,1,0.0,0.0,0.0,0.0,0,0,2013-01-01,0.0
Dimetr,1,1,0.0,0.0,0.0,0.0,0,2012-11-05 02:45:39,2013-01-01,1365.0
124.244.143.252,1,1,0.0,0.0,0.0,0.0,0,0,2013-01-01,0.0
70.51.153.171,1,1,0.0,0.0,0.0,0.0,0,0,2013-01-01,0.0
86.140.150.167,1,1,0.0,0.0,0.0,0.0,0,0,2013-01-01,0.0
Jcfidy,1,1,0.0,0.0,0.0,0.0,0,2012-12-23 22:40:14,2013-01-01,193.0
1.164.208.85,1,1,0.0,0.0,0.0,0.0,0,0,2013-01-01,0.0
Loischantada,1,1,0.0,0.0,0.0,0.0,0,2012-12-01 14:48:35,2013-01-01,729.0
Siechfred,1,1,0.0,0.0,0.0,0.0,0,2012-12-23 13:45:01,2013-01-01,202.0
171.19.244.33,1,1,0.0,0.0,0.0,0.0,0,0,2013-01-01,0.0
193.54.196.10,1,1,0.0,0.0,0.0,0.0,0,0,2013-01-01,0.0
Chrumps,1,1,0.0,0.0,0.0,0.0,0,2012-12-08 13:33:28,2013-01-01,562.0
85.181.100.179,1,1,0.0,0.0,0.0,0.0,0,0,2013-01-01,0.0
114.79.17.17,1,1,0.0,0.0,0.0,0.0,0,0,2013-01-01,0.0
Marek Mazurkiewicz,1,1,0.0,0.0,0.0,0.0,0,2012-10-30 13:58:25,2013-01-01,1498.0
94.223.225.76,1,1,0.0,0.0,0.0,0.0,0,0,2013-01-01,0.0
Joergens.mi,1,1,0.0,0.0,0.0,0.0,0,2012-12-05 06:07:43,2013-01-01,641.0
Poul G,1,1,0.0,0.0,0.0,0.0,0,2012-11-02 21:59:26,2013-01-01,1418.0
151.71.104.87,1,1,0.0,0.0,0.0,0.0,0,0,2013-01-01,0.0
93.23.14.110,1,1,0.0,0.0,0.0,0.0,0,0,2013-01-01,0.0
Jyothis,1,1,0.0,0.0,0.0,0.0,0,2012-12-27 03:02:49,2013-01-01,116.0
62.117.212.2,1,1,0.0,0.0,0.0,0.0,0,0,2013-01-01,0.0
132.185.144.122,1,1,0.0,0.0,0.0,0.0,0,0,2013-01-01,0.0
Kiran Gopi,1,1,0.0,0.0,0.0,0.0,0,2012-12-10 12:10:52,2013-01-01,515.0
Pauli94,1,1,0.0,0.0,0.0,0.0,0,2012-12-17 23:27:31,2013-01-01,336.0
Stanqo,1,1,0.0,0.0,0.0,0.0,0,2012-12-05 17:14:07,2013-01-01,630.0
Tokvo,1,1,0.0,0.0,0.0,1.0,0,2012-11-25 21:54:17,2013-01-01,866.0
120.192.229.181,1,1,0.0,0.0,0.0,0.0,0,0,2013-01-01,0.0
189.4.255.118,1,1,0.0,0.0,0.0,0.0,0,0,2013-01-01,0.0
84.222.178.220,1,1,0.0,0.0,0.0,0.0,0,0,2013-01-01,0.0
AdamBMorgan,1,1,0.0,0.0,0.0,0.0,0,2012-12-20 21:03:39,2013-01-01,266.0
Deadknife,1,1,0.0,0.0,0.0,0.0,0,2012-12-01 21:01:02,2013-01-01,722.0
DaB.,1,1,0.0,0.0,0.0,0.0,0,2012-10-30 15:47:48,2013-01-01,1496.0
Schwei2,1,1,0.0,0.0,0.0,0.0,0,2012-12-13 07:36:36,2013-01-01,448.0
141.76.181.183,1,1,0.0,0.0,0.0,0.0,0,0,2013-01-01,0.0
90.56.136.145,1,1,0.0,0.0,0.0,0.0,0,0,2013-01-01,0.0
Champion,1,1,0.0,0.0,0.0,0.0,0,2012-12-20 02:44:52,2013-01-01,285.0
El Grafo,1,1,0.0,0.0,0.0,0.0,0,2012-12-03 12:58:40,2013-01-01,683.0
62.173.37.202,1,1,0.0,0.0,0.0,0.0,0,0,2013-01-01,0.0
Cyfraw,1,1,0.0,0.0,0.0,1.0,0,2012-12-23 04:41:51,2013-01-01,211.0
137.189.237.1,1,1,0.0,0.0,0.0,0.0,0,0,2013-01-01,0.0
Adrián Arroyo Calle,1,1,0.0,0.0,0.0,0.0,0,2012-12-06 18:57:35,2013-01-01,605.0
CauchyFolge,1,1,0.0,0.0,0.0,0.0,0,2012-12-24 22:35:12,2013-01-01,169.0
60.234.198.3,1,1,0.0,0.0,0.0,0.0,0,0,2013-01-01,0.0
PabloCastellano,1,1,0.0,0.0,0.0,0.0,0,2012-11-16 02:56:53,2013-01-01,1101.0
160.44.238.22,1,1,0.0,0.0,0.0,0.0,0,0,2013-01-01,0.0
36.68.191.66,1,1,0.0,0.0,0.0,0.0,0,0,2013-01-01,0.0
JDMullins,1,1,0.0,0.0,0.0,0.0,0,2012-12-25 03:50:38,2013-01-01,164.0
Jackie,1,1,0.0,0.0,0.0,0.0,0,2012-12-13 14:04:08,2013-01-01,441.0
87.175.172.146,1,1,0.0,0.0,0.0,0.0,0,0,2013-01-01,0.0
Joe-Tomato,1,1,0.0,0.0,0.0,0.0,0,2012-12-20 11:24:22,2013-01-01,276.0
DrTrigonBot,1,1,0.0,0.0,0.0,0.0,0,0,2013-01-01,0.0
Balû,1,1,0.0,0.0,0.0,0.0,0,2012-11-07 15:16:24,2013-01-01,1304.0
Fredddie,1,1,0.0,0.0,0.0,0.0,0,2012-12-15 16:39:40,2013-01-01,391.0
Seti6908,1,1,0.0,0.0,0.0,0.0,0,2012-12-28 16:38:37,2013-01-01,79.0
174.28.102.227,1,1,0.0,0.0,0.0,5.0,0,0,2013-01-01,0.0
NeverDoING,1,1,0.0,0.0,0.0,0.0,0,2012-12-05 13:55:05,2013-01-01,634.0
CT Cooper,1,1,0.0,0.0,0.0,0.0,0,2012-12-26 14:16:05,2013-01-01,129.0
Lusum,1,1,0.0,0.0,0.0,0.0,0,2012-12-27 13:23:33,2013-01-01,106.0
Tchoř,1,1,0.0,0.0,0.0,0.0,0,2012-10-30 11:33:31,2013-01-01,1500.0
62.32.229.233,1,1,0.0,0.0,0.0,0.0,0,0,2013-01-01,0.0
95.118.56.6,1,1,0.0,0.0,0.0,0.0,0,0,2013-01-01,0.0
156.133.48.67,1,1,0.0,0.0,0.0,0.0,0,0,2013-01-01,0.0
Mabschaaf,1,1,0.0,0.0,0.0,1.0,0,2012-12-27 08:44:34,2013-01-01,111.0
Astigmatique,1,1,0.0,0.0,0.0,0.0,0,2012-11-24 11:31:40,2013-01-01,900.0
Cbrown1023,1,1,0.0,0.0,0.0,0.0,0,2012-12-14 01:47:26,2013-01-01,430.0
178.4.187.66,1,1,0.0,0.0,0.0,0.0,0,0,2013-01-01,0.0
Herbythyme,1,1,0.0,0.0,0.0,0.0,0,2012-12-07 11:56:08,2013-01-01,588.0
Tobias1984,1,1,0.0,0.0,0.0,0.0,0,2012-12-05 21:15:14,2013-01-01,626.0
62.156.47.249,1,1,0.0,0.0,0.0,6.0,0,0,2013-01-01,0.0
Mr. Ibrahem,1,1,0.0,0.0,0.0,0.0,0,2012-12-01 15:21:18,2013-01-01,728.0
Sumone's testing account,1,1,0.0,0.0,0.0,0.0,0,2012-12-19 03:14:42,2013-01-01,308.0
Genium,1,1,0.0,0.0,0.0,0.0,0,2012-11-11 20:56:30,2013-01-01,1203.0
Jfblanc,1,1,0.0,0.0,0.0,0.0,0,2012-12-29 12:07:10,2013-01-01,59.0
142.22.163.194,1,1,0.0,0.0,0.0,0.0,0,0,2013-01-01,0.0
87.175.171.223,1,1,0.0,0.0,0.0,0.0,0,0,2013-01-01,0.0
SPhotographer,1,1,0.0,0.0,0.0,0.0,0,2012-12-02 09:35:23,2013-01-01,710.0
Altostratus,1,1,0.0,0.0,0.0,5.0,0,2012-12-19 04:44:15,2013-01-01,307.0
213.30.234.26,1,1,0.0,0.0,0.0,0.0,0,0,2013-01-01,0.0
Badseed,1,1,0.0,0.0,0.0,0.0,0,2012-12-29 23:15:44,2013-01-01,48.0
Challengethelimits,1,1,0.0,0.0,0.0,0.0,0,2012-12-14 05:08:06,2013-01-01,426.0
MF-Warburg,1,1,1.0,0.0,0.0,0.0,0,2012-10-30 16:27:56,2013-01-01,1495.0
92.195.67.193,1,1,0.0,0.0,0.0,0.0,0,0,2013-01-01,0.0
Aros,1,1,0.0,0.0,0.0,0.0,0,2012-12-30 16:34:31,2013-01-01,31.0
Pilettes,1,1,0.0,0.0,0.0,2.0,0,2012-10-30 17:22:41,2013-01-01,1494.0
Fafik82,1,1,0.0,0.0,0.0,0.0,0,2012-11-21 06:17:03,2013-01-01,977.0
Wolfark89,1,1,0.0,0.0,0.0,0.0,0,2012-12-03 08:41:09,2013-01-01,687.0
92.226.59.130,1,1,0.0,0.0,0.0,0.0,0,0,2013-01-01,0.0
115.108.96.166,1,1,0.0,0.0,0.0,1.0,0,0,2013-01-01,0.0
84.222.179.223,1,1,0.0,0.0,0.0,0.0,0,0,2013-01-01,0.0
178.2.151.3,1,1,0.0,0.0,0.0,0.0,0,0,2013-01-01,0.0
71.201.201.73,1,1,0.0,0.0,0.0,0.0,0,0,2013-01-01,0.0
Stillhart,1,1,0.0,0.0,0.0,0.0,0,2012-10-31 20:01:06,2013-01-01,1467.0
89.77.2.177,1,1,0.0,0.0,0.0,0.0,0,0,2013-01-01,0.0
Emha,1,1,0.0,0.0,0.0,0.0,0,2012-12-04 13:02:24,2013-01-01,658.0
72.204.184.247,1,1,0.0,0.0,0.0,0.0,0,0,2013-01-01,0.0
109.224.135.220,1,1,0.0,0.0,0.0,0.0,0,0,2013-01-01,0.0
